{
  "brier_score": 0.033258106820898,
  "ece": 0.027232816473329258,
  "calibration_bins": [
    {
      "bin": "0.0-0.1",
      "samples": 1077,
      "accuracy": 0.036211699164345405,
      "confidence": 0.008978882691016146,
      "gap": 0.027232816473329258
    }
  ],
  "score_distribution": {
    "clean": {
      "n": 1038,
      "mean": 0.007695796844542299,
      "std": 0.0059966735071320205,
      "median": 0.00785489659756422,
      "min": 0.0006250666338019073,
      "max": 0.020993974059820175
    },
    "hack": {
      "n": 39,
      "mean": 0.0431287059894739,
      "std": 0.01730151957552401,
      "median": 0.05717482045292854,
      "min": 0.00785489659756422,
      "max": 0.05717482045292854
    }
  }
}