{
  "rule_based": {
    "name": "Rule-based (Pattern+AST)",
    "precision": 1.0,
    "recall": 0.45454545454545453,
    "f1": 0.625,
    "accuracy": 0.5384615384615384,
    "avg_latency_ms": 0.5609072171724759,
    "confusion_matrix": {
      "tp": 5,
      "fp": 0,
      "tn": 2,
      "fn": 6
    }
  },
  "rule_analyzers": {
    "name": "Rule-based + Analyzers",
    "precision": 1.0,
    "recall": 0.09090909090909091,
    "f1": 0.16666666666666666,
    "accuracy": 0.23076923076923078,
    "avg_latency_ms": 1.7193280733548677,
    "confusion_matrix": {
      "tp": 1,
      "fp": 0,
      "tn": 2,
      "fn": 10
    }
  },
  "ml_features": {
    "name": "ML Features (RandomForest)",
    "precision": 1.0,
    "recall": 1.0,
    "f1": 1.0,
    "accuracy": 1.0,
    "avg_latency_ms": 0.760188469519982,
    "confusion_matrix": {
      "tp": 11,
      "fp": 0,
      "tn": 2,
      "fn": 0
    }
  },
  "ensemble": {
    "name": "Full Ensemble",
    "precision": 1.0,
    "recall": 0.5454545454545454,
    "f1": 0.7058823529411765,
    "accuracy": 0.6153846153846154,
    "avg_latency_ms": 2.447054936335637,
    "confusion_matrix": {
      "tp": 6,
      "fp": 0,
      "tn": 2,
      "fn": 5
    }
  }
}