{
  "test_samples": 1077,
  "threshold": 0.02,
  "f1": 0.8974358974358975,
  "precision": 0.8974358974358975,
  "recall": 0.8974358974358975,
  "accuracy": 0.9925719591457753,
  "confusion_matrix": [
    [
      1034,
      4
    ],
    [
      4,
      35
    ]
  ]
}