{
  "acc": 0.9935004642525533,
  "p": 0.9210526315789473,
  "r": 0.8974358974358975,
  "f1": 0.9090909090909091,
  "cm": [
    [
      1035,
      3
    ],
    [
      4,
      35
    ]
  ]
}